/composer.json|6f9be0bc3d75a04a54eb3145902ab66d
/src/Connector.php|b909d4b2c81ba86cbea6e167fe29a91f
/src/Resources/public/bag.png|d812d529e1b5404cf7b92d4f36ab7abd
/src/Resources/public/clock.png|499ea8d7905f77624cb64b1af3f955b5
/src/Resources/public/home-orders.png|db05b21ec6b166d844b42c0e807cb265
/src/Resources/public/home-products.png|99ff45448ea094f8c70b58a0cd4d9303
/src/Resources/public/home-settings.png|4f7751e943137d3c10b71da358f7b1d7
/src/Resources/public/lengow-blue.png|20c05b7249c00f126861223ecc5b6ce9
/src/Resources/public/lengow-white-big.png|6e6178f2db21104a157aebb27f9a5ca2
/src/Resources/public/plane.png|7d27896af3e0f3cf6e353cccef8f8267
/src/Components/LengowMarketplace.php|0355f9211110102fa729490e7bee257d
/src/Components/LengowFile.php|e4b6c843ee022d8397481ad1467032c7
/src/Controller/LengowToolboxController.php|4132b6561515f232968ccb7740ad36c6
/src/Controller/LengowExportController.php|7dbb59d61a7e3115668d62eaba2b5b27
/src/Controller/LengowSyncController.php|c2ece809e191bf3235a090b2c8b04447
/src/Controller/LengowOrderController.php|601c9934b0ac7b903fb20a960ba49f6e
/src/DependencyInjection/service.xml|cd5de3888c563b5d21287e85757f601b
/src/DependencyInjection/entity.xml|ad9ae9476355be71e3446aff28ab6189
/src/DependencyInjection/util.xml|4f70a2ee0a67540f2dc9c5aa890bd263
/src/DependencyInjection/factory.xml|b0a2f519ba5efaecfd49bdb176c525db
/src/DependencyInjection/extension.xml|79fbe100a33040059637219033c1b8ab
/src/DependencyInjection/subscriber.xml|e50ef3feeb098bafdd0cabd892633088
/src/DependencyInjection/controller.xml|a577dc436678806a64b4c634fb47539f
/src/DependencyInjection/front_controller.xml|624a7538cfe3a03b505ccf0dd2943025
/src/Entity/Shopware/.gitignore|aab39e92ffe254319a73ebf43158c256
/src/Entity/Lengow/Action/ActionCollection.php|3bcac1566c364a20a44cdad4e6dc4f46
/src/Entity/Lengow/Action/ActionEntity.php|540ec6eefe3b47c9293cf28a9b2e6e1b
/src/Entity/Lengow/Action/ActionDefinition.php|c9d19aed4d62d0604261699defea321c
/src/Entity/Lengow/OrderLine/OrderLineCollection.php|dd482adc00baa8d5a794169b2c058fd6
/src/Entity/Lengow/OrderLine/OrderLineDefinition.php|ad84e25121c6d153809a3fd7b7eaefea
/src/Entity/Lengow/OrderLine/OrderLineEntity.php|c367a9a00aa797c9b0c3543eeae4fcd9
/src/Entity/Lengow/OrderError/OrderErrorCollection.php|354b4ea01e8676e1446b1125d16d829b
/src/Entity/Lengow/OrderError/OrderErrorEntity.php|0f60093b011006d283fc6d56ac075995
/src/Entity/Lengow/OrderError/OrderErrorDefinition.php|90866963ab8607beb85bfebcec765d4c
/src/Entity/Lengow/Settings/SettingsCollection.php|9baa42c73b2efcc842a790244ac62c7c
/src/Entity/Lengow/Settings/SettingsDefinition.php|adacd0ef195b7b118960f32ec759d336
/src/Entity/Lengow/Settings/SettingsEntity.php|46851391f39cf8c0ecb44537e262eabc
/src/Entity/Lengow/Order/OrderDefinition.php|b32c67e9f44f1c7d17266516e4472dde
/src/Entity/Lengow/Order/OrderEntity.php|1a2f2faab8b7a9a5ba29dcd0f4d49d45
/src/Entity/Lengow/Order/OrderCollection.php|d64092188bf45a1b945316194c013d39
/src/Entity/Lengow/Product/ProductCollection.php|92df3290571a6b8558e445e3d13f6ca3
/src/Entity/Lengow/Product/ProductDefinition.php|f304407acd4f31506acf8de1dff5f84a
/src/Entity/Lengow/Product/ProductEntity.php|92d2fc93bc47bec3303eb277664e36d4
/src/EntityExtension/ExtensionStructure/ProductExtensionStructure.php|402daea68f139ff91a42f6eb17e8048d
/src/EntityExtension/Extension/ProductExtension.php|7f3f280d8088ee7ed10334c91a0c3a63
/src/Exception/LengowException.php|58185a66d9709607394fb82528c36dbc
/src/Factory/LengowFileFactory.php|8a2ba8f548bee5a43ac4c8439fdf344d
/src/Factory/LengowMarketplaceFactory.php|312cf20a1178ce848562e948f266e550
/src/Migration/Migration1606313662Init.php|94df85fa4924264a5625bdbae8486ae1
/src/Resources/app/administration/src/module/const.js|ecdb30262d376e82fb949f1ed7a7a5ab
/src/Resources/app/administration/src/module/lengow-connector/view/lgw-setting-general/lgw-setting-general.html.twig|478ab4f1e844d9567af66754fe50a037
/src/Resources/app/administration/src/module/lengow-connector/view/lgw-setting-general/index.js|19a999074c04fb8860203fd2bf2d908a
/src/Resources/app/administration/src/module/lengow-connector/view/lgw-setting-general/lgw-setting-general.scss|e72290464e8ffdc2a97ea6e19b793fc2
/src/Resources/app/administration/src/module/lengow-connector/view/lgw-toolbox-base/lgw-toolbox-base.html.twig|6604365e061f9e5133fac1358dc18b33
/src/Resources/app/administration/src/module/lengow-connector/view/lgw-toolbox-base/index.js|68ca042213ba3eabe807dad283855f16
/src/Resources/app/administration/src/module/lengow-connector/view/lgw-toolbox-log/index.js|efe337abff408e81dbc83690e216613b
/src/Resources/app/administration/src/module/lengow-connector/view/lgw-toolbox-log/lgw-toolbox-log.scss|0b97dfa7b045c053c821d31adc89304e
/src/Resources/app/administration/src/module/lengow-connector/view/lgw-toolbox-log/lgw-toolbox-log.html.twig|e068a8c87297c01d5088ffaa2ad9416e
/src/Resources/app/administration/src/module/lengow-connector/view/lgw-dashboard-free-trial/lgw-dashboard-free-trial.scss|492dcd6aa1069fae2bb3b9f3aa1b0a65
/src/Resources/app/administration/src/module/lengow-connector/view/lgw-dashboard-free-trial/lgw-dashboard-free-trial.html.twig|04725a4daa0ecf248ee696b1cbe5ed16
/src/Resources/app/administration/src/module/lengow-connector/view/lgw-dashboard-free-trial/index.js|706be21dbf5920d4687b99d816155ec8
/src/Resources/app/administration/src/module/lengow-connector/view/lgw-toolbox-checksum/index.js|03406c315cd1b403907f1e54d2108e57
/src/Resources/app/administration/src/module/lengow-connector/view/lgw-toolbox-checksum/lgw-toolbox-checksum.scss|083a78ef5ff2fbc74c42ed53e5c4d6d2
/src/Resources/app/administration/src/module/lengow-connector/view/lgw-toolbox-checksum/lgw-toolbox-checksum.html.twig|44c449201483ba0cfe00af83a753109b
/src/Resources/app/administration/src/module/lengow-connector/view/lgw-dashboard-connexion/lgw-dashboard-connexion.scss|0813d2774c7e84e15fbe6a7b99d2a1cf
/src/Resources/app/administration/src/module/lengow-connector/view/lgw-dashboard-connexion/lgw-dashboard-connexion.html.twig|7b55b20bcc1a493d0adcfea88392636d
/src/Resources/app/administration/src/module/lengow-connector/view/lgw-dashboard-connexion/index.js|7805be7423b0c4017b83d0e1489dbee6
/src/Resources/app/administration/src/module/lengow-connector/view/lgw-setting-import/lgw-setting-import.scss|1f4c4877c0e8702142fd81fc47e25ef5
/src/Resources/app/administration/src/module/lengow-connector/view/lgw-setting-import/index.js|6184b831655fbaaa3a4a7ced374ba7c4
/src/Resources/app/administration/src/module/lengow-connector/view/lgw-setting-import/lgw-setting-import.html.twig|f80bf2147ae8d435398e819d7d66b189
/src/Resources/app/administration/src/module/lengow-connector/view/lgw-dashboard-home/lgw-dashboard-home.scss|a279cdbeb60436b1fda0b7a38991879c
/src/Resources/app/administration/src/module/lengow-connector/view/lgw-dashboard-home/lgw-dashboard-home.html.twig|85ef530d509ddc3cae36edfa41fd94a6
/src/Resources/app/administration/src/module/lengow-connector/view/lgw-dashboard-home/index.js|9faa50c8254595aad810f5b4c1571370
/src/Resources/app/administration/src/module/lengow-connector/view/lgw-order-detail-extension/lgw-order-detail-extension.scss|26970eb2381683a6df512bb92dcedae7
/src/Resources/app/administration/src/module/lengow-connector/view/lgw-order-detail-extension/lgw-order-detail-extension.html.twig|45b684f2e9ab73a56dd84a507062534a
/src/Resources/app/administration/src/module/lengow-connector/view/lgw-order-detail-extension/index.js|94d59f63da64129d6388ee21877c6e55
/src/Resources/app/administration/src/module/lengow-connector/view/lgw-setting-export/lgw-setting-export.scss|00ff90d8aca5ac3b9c38731c2c56f73b
/src/Resources/app/administration/src/module/lengow-connector/view/lgw-setting-export/lgw-setting-export.html.twig|3108f803854a7b153d084bb37d4e3e2f
/src/Resources/app/administration/src/module/lengow-connector/view/lgw-setting-export/index.js|56ca4342195f15e78b40c1024e457d75
/src/Resources/app/administration/src/module/lengow-connector/component/lgw-update-warning/index.js|e49c8990d1e3945f31bc0494544122f6
/src/Resources/app/administration/src/module/lengow-connector/component/lgw-update-warning/lgw-update-warning.html.twig|3c03e22755f0b4cb159cc37f46de0c4d
/src/Resources/app/administration/src/module/lengow-connector/component/lgw-update-warning/lgw-update-warning.scss|fbaca193fa3760d7b539d8a4c59321fe
/src/Resources/app/administration/src/module/lengow-connector/component/lgw-footer/lgw-footer.css|e6f02c639d2d527e9e4afad0015eb643
/src/Resources/app/administration/src/module/lengow-connector/component/lgw-footer/index.js|6db06d1e1e705bfd63d9190f713979d1
/src/Resources/app/administration/src/module/lengow-connector/component/lgw-footer/lgw-footer.html.twig|c75075471b41534de4e47b2ee3224fca
/src/Resources/app/administration/src/module/lengow-connector/component/lgw-order-state-label/lgw-order-state-label.html.twig|e255316f686b38a96011bc336d89a6a4
/src/Resources/app/administration/src/module/lengow-connector/component/lgw-order-state-label/index.js|9633e3cd6557a9db56f7136ae65ea63c
/src/Resources/app/administration/src/module/lengow-connector/component/lgw-order-state-label/lgw-order-state-label.scss|07fcb9586ce3f2f66f754995b9f6fe62
/src/Resources/app/administration/src/module/lengow-connector/component/lgw-debug-warning/index.js|27f98a3f62c4779262873bb63764cc68
/src/Resources/app/administration/src/module/lengow-connector/component/lgw-debug-warning/lgw-debug-warning.html.twig|dfd8de94ca1ae6028b9e615af9a2c36f
/src/Resources/app/administration/src/module/lengow-connector/component/lgw-debug-warning/lgw-debug-warning.scss|25df97043ccfdad5505e10444ece5c68
/src/Resources/app/administration/src/module/lengow-connector/component/lgw-order-type-icon/lgw-order-type-icon.scss|4ef2ce175f976f30e9bd5743fa11cb01
/src/Resources/app/administration/src/module/lengow-connector/component/lgw-order-type-icon/lgw-order-type-icon.html.twig|0565c694d66a28a59ddedc4277594cb9
/src/Resources/app/administration/src/module/lengow-connector/component/lgw-order-type-icon/index.js|8ce908e7afd6d559b297ba7065a52815
/src/Resources/app/administration/src/module/lengow-connector/component/lgw-action-button/lgw-action-button.scss|44d321c02e63733fc5b8fcffdbd2b357
/src/Resources/app/administration/src/module/lengow-connector/component/lgw-action-button/lgw-action-button.html.twig|a68820185b0017f27a3606bfe8790f57
/src/Resources/app/administration/src/module/lengow-connector/component/lgw-action-button/index.js|c5aed9ec297fefd26147ee3a2ec53db4
/src/Resources/app/administration/src/module/lengow-connector/component/lgw-description-list-element/lgw-description-list-element.html.twig|c31e1e81388462f9b5102374ef85b404
/src/Resources/app/administration/src/module/lengow-connector/component/lgw-description-list-element/lgw-description-list-element.scss|8b1c274db85393ce00eb5c4029c701b9
/src/Resources/app/administration/src/module/lengow-connector/component/lgw-description-list-element/index.js|2cccc83752ed4e198f372df27c574524
/src/Resources/app/administration/src/module/lengow-connector/component/lgw-lockable-string-field/lgw-lockable-string-field.html.twig|fc5f154383bacc256c452510bb298ca0
/src/Resources/app/administration/src/module/lengow-connector/component/lgw-lockable-string-field/index.js|4b7e0b4e44c117ee5c4b7952ccd66a0e
/src/Resources/app/administration/src/module/lengow-connector/component/lgw-country-icon/index.js|0fb2259ee6f0c1a5a58e9d7f02da19f8
/src/Resources/app/administration/src/module/lengow-connector/component/lgw-country-icon/lgw-country-icon.scss|bfe5568c59d14586f4b8dfcded7ccb9e
/src/Resources/app/administration/src/module/lengow-connector/component/lgw-country-icon/lgw-country-icon.html.twig|c189fcb06634651fc8c86a403550ba4e
/src/Resources/app/administration/src/module/lengow-connector/component/lgw-free-trial-warning/lgw-free-trial-warning.html.twig|d7ce6ed0e8e766d905dbc537b3559e29
/src/Resources/app/administration/src/module/lengow-connector/component/lgw-free-trial-warning/lgw-free-trial-warning.scss|ad2a974507b4cc891e7b4a042ca1f906
/src/Resources/app/administration/src/module/lengow-connector/component/lgw-free-trial-warning/index.js|7bde3e0d48ee9f32397fa80980e6de98
/src/Resources/app/administration/src/module/lengow-connector/component/lgw-action-label/lgw-action-label.scss|83f8c790aa1494c792808b6aed8394b5
/src/Resources/app/administration/src/module/lengow-connector/component/lgw-action-label/lgw-action-label.html.twig|69bfaead93f70bedf643a7351a9b8514
/src/Resources/app/administration/src/module/lengow-connector/component/lgw-action-label/index.js|be5aded324825865938819dea2a31420
/src/Resources/app/administration/src/module/lengow-connector/component/lgw-conditional-string-field/lgw-conditional-string-field.html.twig|f2fe104829e2b40d1df7e18905791154
/src/Resources/app/administration/src/module/lengow-connector/component/lgw-conditional-string-field/index.js|ecb8562130eed165061ca579476dc857
/src/Resources/app/administration/src/module/lengow-connector/index.js|392be51a3c9d8a85f191fca0ca289002
/src/Resources/app/administration/src/module/lengow-connector/page/lgw-legal-notices/lgw-legal-notices.html.twig|5096a592d040e3ba50aea78b0dad6863
/src/Resources/app/administration/src/module/lengow-connector/page/lgw-legal-notices/lgw-legal-notices.scss|d3af587c936d05784fb9fa12d67a5783
/src/Resources/app/administration/src/module/lengow-connector/page/lgw-legal-notices/index.js|26bba31a3303bb688cba002ce38ff7b9
/src/Resources/app/administration/src/module/lengow-connector/page/lgw-order-list/lgw-order-list.scss|d4caf3214a8d0a1223f8ed38bfbac5eb
/src/Resources/app/administration/src/module/lengow-connector/page/lgw-order-list/lgw-order-list.html.twig|a25f55f2235addb1c8d3558f964275f6
/src/Resources/app/administration/src/module/lengow-connector/page/lgw-order-list/index.js|e40e9432efccd70ff84b38dec4053fd4
/src/Resources/app/administration/src/module/lengow-connector/page/lgw-contact/lgw-contact.scss|365c553cd96394cbaa62d3ccbabe2b87
/src/Resources/app/administration/src/module/lengow-connector/page/lgw-contact/index.js|e65bddac8a825ccb3439bcc7213582bb
/src/Resources/app/administration/src/module/lengow-connector/page/lgw-contact/lgw-contact.html.twig|5f8cb030cc960e95b6327ff95e396a7e
/src/Resources/app/administration/src/module/lengow-connector/page/lgw-product-list/index.js|f1fd1ad3d8e392f09b8ce853fc36bd8b
/src/Resources/app/administration/src/module/lengow-connector/page/lgw-product-list/lgw-product-list.html.twig|3e24ca6c1ee8760b9da26b7b4c89b7e9
/src/Resources/app/administration/src/module/lengow-connector/page/lgw-product-list/lgw-product-list.scss|ea10f24f09567b92035644a01f4c7ede
/src/Resources/app/administration/src/module/lengow-connector/page/lgw-setting/lgw-setting.scss|f15ebf034327c371d576c9b6ec18adcf
/src/Resources/app/administration/src/module/lengow-connector/page/lgw-setting/index.js|06c1853059b70a419dea392292b64859
/src/Resources/app/administration/src/module/lengow-connector/page/lgw-setting/lgw-setting.html.twig|1b7669be365a56c5399b59e1b276848f
/src/Resources/app/administration/src/module/lengow-connector/page/lgw-dashboard/index.js|bf650373cea66dc6525b2d9c25b4fcc3
/src/Resources/app/administration/src/module/lengow-connector/page/lgw-dashboard/lgw-dashboard.html.twig|4be2eade0e7f62eb051ba0396604b0d1
/src/Resources/app/administration/src/module/lengow-connector/page/lgw-toolbox/lgw-toolbox.scss|d0a2377b5805f87c64fd7fdc0f5f81bf
/src/Resources/app/administration/src/module/lengow-connector/page/lgw-toolbox/lgw-toolbox.html.twig|e807c5a22e3e1e054b942396b65b151c
/src/Resources/app/administration/src/module/lengow-connector/page/lgw-toolbox/index.js|8a842f4d8e48959d3583decbc38f06a7
/src/Resources/app/administration/src/module/lengow-connector/page/lgw-toolbox/state.js|2d06db34fc3159c387761a97d3c5d3ff
/src/Resources/app/administration/src/module/lengow-connector/snippet/en-GB.json|5a46b72c83869b3f91edef885c9b93b0
/src/Resources/app/administration/src/module/lengow-connector/snippet/fr-FR.json|7e258e723a8732c3dc3e6481f8ebd5c7
/src/Resources/app/administration/src/module/lengow-connector/snippet/de-DE.json|e109fa12ff93858cf5435a020c2725bf
/src/Resources/app/administration/src/module/lengow-connector/extension/sw-order-detail/index.js|b827c09cd1332b1e1ebbd2d53ed2d998
/src/Resources/app/administration/src/module/lengow-connector/extension/sw-order-detail/sw-order-detail.html.twig|9dd8de1eea91c1d94109e780575d3b9b
/src/Resources/app/administration/src/main.js|e61c8b2686c83657420bfed7ed544f4c
/src/Resources/app/administration/src/service/api/lengow-connector-sync-service.js|9574baa0f102eb10563a24b5ac04de3a
/src/Resources/app/administration/src/service/api/lengow-connector-order-service.js|b86d8a4690acae9d47627b0c0b14924c
/src/Resources/app/administration/src/service/api/lengow-connector-toolbox-service.js|c29cced01581aabde773b9bf96ed0db5
/src/Resources/app/administration/src/service/api/lengow-connector-export-service.js|6a90f4ffa0a378afa72cb6a2c97dbfd0
/src/Resources/app/administration/src/init/api-service-init.js|4dd36e57fb44d376e42e224c57be319f
/src/Resources/config/routes.xml|105d6a5c20159b96a0a853d1044a1cef
/src/Resources/public/flag/JM.png|3d54284d8d3cb58632a152175cb42866
/src/Resources/public/flag/UZ.png|9cd7f3e20f89d37e4a2854f30622d27a
/src/Resources/public/flag/RS.png|6e44d2f1b54aeb9f6a470796c05307b8
/src/Resources/public/flag/VG.png|cd80422040f3569cdee8fe37c9ac233b
/src/Resources/public/flag/AR.png|2c0793e851675c4178e6c623bedada68
/src/Resources/public/flag/OM.png|03760a212630cc7c0e5471df8281355e
/src/Resources/public/flag/MK.png|a58f238f52c62e8eb54fa6d056c37d38
/src/Resources/public/flag/BO.png|4e5e360f3cfec693bddd39707f79254a
/src/Resources/public/flag/EG.png|22e30f3af14155502c2f4a4819bcf799
/src/Resources/public/flag/MH.png|14bc97a69158b9c8b513b4b4adc6b861
/src/Resources/public/flag/SG.png|f0f0bb2bf6639e472ef6ff90f9eaf0c7
/src/Resources/public/flag/AX.png|6bfdcba08d5eac28c8b2f444d403fbd7
/src/Resources/public/flag/BJ.png|e0db6fe266bf66ddebe037bc574a930d
/src/Resources/public/flag/EE.png|9d2fe6fa37282535b72b5b4428e02a1d
/src/Resources/public/flag/KG.png|aa27c4a8269656e2b7e22ee2782869fd
/src/Resources/public/flag/BT.png|3d1dd6d51b8706976d8e52985f572dd1
/src/Resources/public/flag/WS.png|dbfe225a535339b992abd582c9e69037
/src/Resources/public/flag/CI.png|06b9dd31f9661b9a162857eef2f33cc2
/src/Resources/public/flag/OTHERS.png|ca92647387865e00fd0128eea3c0b3f0
/src/Resources/public/flag/TM.png|58f31979cd5840ed53c4c0244226ad88
/src/Resources/public/flag/SM.png|ad4c6e282255da7434889bd83a069286
/src/Resources/public/flag/CG.png|fd66daf57f1a96e802ba44b07ce712c8
/src/Resources/public/flag/HM.png|ab3991ad7489bf384fb5446222bb48c6
/src/Resources/public/flag/MP.png|6c26816f5aaeae7d369b60fce14da9db
/src/Resources/public/flag/KE.png|ba0a3ef22e0a59d8db268ae25d4fcb77
/src/Resources/public/flag/LY.png|cc1fe9b7e51a1ffa91c5f79d26043a25
/src/Resources/public/flag/LS.png|424c47d3ce5111e4f646abcfafc652be
/src/Resources/public/flag/NC.png|cc1fc719aa70170cf59aa97989f32fca
/src/Resources/public/flag/NA.png|17f102547f2ad6154227108af755dad2
/src/Resources/public/flag/SO.png|053a1a934a1e0e0e3c4b455c3a0bf1db
/src/Resources/public/flag/ZZ.png|737e91fb2b9da9e69ab2495a49cce79d
/src/Resources/public/flag/CH.png|d3f7ffa92fc89d18ecf93a210dcbd046
/src/Resources/public/flag/PW.png|b5ae6117e7e8c6c506f4ec2bed045e33
/src/Resources/public/flag/MG.png|1d31e4ce165056179bbe39248a7170cc
/src/Resources/public/flag/NL.png|f9da0a905e9fec2ff6a12d52b0bae61c
/src/Resources/public/flag/BD.png|ea5f4a802e6b2969197551c64750b9a6
/src/Resources/public/flag/KW.png|04474a00fd44b8c39fcce5cb6f2b94f7
/src/Resources/public/flag/TC.png|1988184525b5d9410d8bbc07fca834c0
/src/Resources/public/flag/CX.png|3f3aba1069496a40934637cf4b4f766c
/src/Resources/public/flag/NF.png|380b2fedcc87649ed83992a0e8fcfcc8
/src/Resources/public/flag/YE.png|393dee2beda492bbdae758640b615561
/src/Resources/public/flag/AS.png|6e81163a35de2f77ef3feb9ff4c36819
/src/Resources/public/flag/UY.png|bb2ddc17d73acbc625c0ec8ab5ff51c4
/src/Resources/public/flag/GN.png|37244e09a030931a398207bbed599818
/src/Resources/public/flag/NO.png|e3fa15f998178a590461f1fc6a0d2de8
/src/Resources/public/flag/NZ.png|c9eb80f47846f678803710fd86e4fb91
/src/Resources/public/flag/FJ.png|dabe04af951004527f0b1094cfd218d1
/src/Resources/public/flag/BB.png|a0a004f000c7ea6ab8d150959ac8d3fe
/src/Resources/public/flag/GF.png|cc1fc719aa70170cf59aa97989f32fca
/src/Resources/public/flag/MT.png|a31f908619bd13739d39dfca7d3900a4
/src/Resources/public/flag/GT.png|d4b7180e1da0f1f2baede267bec4d045
/src/Resources/public/flag/ID.png|85754149e4307e821f27c80389263d6e
/src/Resources/public/flag/SY.png|5f25bd15bf8a63c5f55b36a63ad029b5
/src/Resources/public/flag/DK.png|4c8c04806671345cacfabbd0781aaa64
/src/Resources/public/flag/FO.png|0268b567af566647f953d8c3524c9ca7
/src/Resources/public/flag/LC.png|92badafa246492aed1cffb0bb913a21b
/src/Resources/public/flag/SD.png|fa421effd81aa5f626083d0b2474853b
/src/Resources/public/flag/BQ.png|f9da0a905e9fec2ff6a12d52b0bae61c
/src/Resources/public/flag/TA.png|ecfd4b85afd85b8bf8c531f8e6255cae
/src/Resources/public/flag/HR.png|24cb403f2615ba725761dfbbcb843cfa
/src/Resources/public/flag/LU.png|b30b097b3f764af26f3fc551e10b62fa
/src/Resources/public/flag/PL.png|08b70dfd937f53fc448e084334df133d
/src/Resources/public/flag/EC.png|061930954ddd6fb786cd4060f0876fce
/src/Resources/public/flag/PF.png|cc1fc719aa70170cf59aa97989f32fca
/src/Resources/public/flag/SS.png|83ab553ec6ed1454b5523b9bb5f9e4f9
/src/Resources/public/flag/PK.png|bb24b773e81e7daebc3ba3e263e67c20
/src/Resources/public/flag/TD.png|c09a11652d7215dbbb86b9f2e08e1eaa
/src/Resources/public/flag/SN.png|1a524290e23411b9f33e2e4426cb2d40
/src/Resources/public/flag/TF.png|cc1fc719aa70170cf59aa97989f32fca
/src/Resources/public/flag/RE.png|cc1fc719aa70170cf59aa97989f32fca
/src/Resources/public/flag/IT.png|42d6ced0776d3c3ea8295b704202ff44
/src/Resources/public/flag/TH.png|04ae701cf5d13862c0badd8f931844b6
/src/Resources/public/flag/FI.png|6bfdcba08d5eac28c8b2f444d403fbd7
/src/Resources/public/flag/RW.png|3c21dcfbee72c5a9229317ba9e3b9cdb
/src/Resources/public/flag/LT.png|6a8428cf97967d9726f9a78277fec777
/src/Resources/public/flag/ST.png|c879c939fdce2c819a2f80f1680580d2
/src/Resources/public/flag/ZA.png|55dc8a9767f651d0c1f81dc47580f5d8
/src/Resources/public/flag/HT.png|3dd1a60ae95e7348b00fa8c1bffd0258
/src/Resources/public/flag/BZ.png|9481ccc9362b14353caa982b525793a8
/src/Resources/public/flag/IC.png|6db63d7e4bee7add3ead8eb95c9668e8
/src/Resources/public/flag/GB.png|ecfd4b85afd85b8bf8c531f8e6255cae
/src/Resources/public/flag/LV.png|48efa49e2a85e9c077be41542ad17a1a
/src/Resources/public/flag/GD.png|2f520ce09043643b7252eb0ce75a3d0c
/src/Resources/public/flag/VA.png|14a0946355567991035d1c4a235b7890
/src/Resources/public/flag/JR.png|532ea8b20fa31e751d81f819d1e6774d
/src/Resources/public/flag/FR.png|cc1fc719aa70170cf59aa97989f32fca
/src/Resources/public/flag/UA.png|01969d09f7817a4ed6b9f152123fd5fa
/src/Resources/public/flag/BV.png|2f9326738982ae4876fc7f0f0960c77e
/src/Resources/public/flag/BI.png|2bc04f56f098abfd22ec8dc9b4d25c6f
/src/Resources/public/flag/TO.png|59a189738b32f9e766c913ed9296de03
/src/Resources/public/flag/HU.png|aa1de41f497f81700e4bbf862e3454ee
/src/Resources/public/flag/SC.png|59f0b2fdc9c66ca24e723225fea73c3f
/src/Resources/public/flag/JE.png|3d4f6a61cc22ad5a77b4cbe36c26c9d7
/src/Resources/public/flag/CK.png|3859da524e0ff3fedf39784da126a647
/src/Resources/public/flag/QA.png|f38b2d29e8a446e5764d5258c8afd6eb
/src/Resources/public/flag/RU.png|784a2a8638e99ff3e7d229be90b4f420
/src/Resources/public/flag/TT.png|3dd6607f691fdc7244b08e30f9cb5266
/src/Resources/public/flag/IO.png|1c5a9a59d014fad88383a6d864458bc8
/src/Resources/public/flag/NE.png|fc09575c0fabcb08e083e2b25f8e4343
/src/Resources/public/flag/GW.png|9103e6399b262a7ad40a5d06e0ea8ecd
/src/Resources/public/flag/MQ.png|cc1fc719aa70170cf59aa97989f32fca
/src/Resources/public/flag/IL.png|ca066a0cb246da38676b6a4930b29971
/src/Resources/public/flag/NU.png|d89e7c94b030bb809a10231c0ee38e8e
/src/Resources/public/flag/AN.png|a8c499377e0868f60a435229aa146fb1
/src/Resources/public/flag/KR.png|26ddd3e45a9a097d781fd1c9cfddc468
/src/Resources/public/flag/PA.png|9407681f91e287935c4a7f987da34c63
/src/Resources/public/flag/AL.png|5d34661c52bbda24fb4a49adf5ef82a0
/src/Resources/public/flag/KM.png|130b19dbbed58a2896335af73c1a7ff2
/src/Resources/public/flag/MD.png|2b7d7b14d52f8fe8d800c000f2ddd0a9
/src/Resources/public/flag/UG.png|2e03029719fda3470ee6263150a7466b
/src/Resources/public/flag/MW.png|eaadfcd54efd99816aa1e98cde55b48a
/src/Resources/public/flag/HK.png|9e22cff886b227b7c66a7299cee60c4a
/src/Resources/public/flag/KI.png|da6b34f01691dfaaad7424078d741a6a
/src/Resources/public/flag/NI.png|7f337fe073caff1ecb41acae6a9d1e3d
/src/Resources/public/flag/GI.png|ecfd4b85afd85b8bf8c531f8e6255cae
/src/Resources/public/flag/MN.png|6b459e34b09e6eb540ca41ff45f5d978
/src/Resources/public/flag/ET.png|a8ccdaec951da596214f55351e1ce618
/src/Resources/public/flag/KZ.png|1944b754503564c281ce18e5902229e9
/src/Resources/public/flag/TK.png|3f70b39454fe3d56ea975185438edeb0
/src/Resources/public/flag/SE.png|b8e45aecfb0ad66627b731f7d5fee095
/src/Resources/public/flag/KN.png|73c41ac33b42de3aa30fca903333f7fb
/src/Resources/public/flag/NR.png|0d5e83ccb1ccd3a8f02fc61acaa6e47b
/src/Resources/public/flag/TN.png|fb43183a6891caf1600763cb51cde4a5
/src/Resources/public/flag/ER.png|098530d2dfadf464e46eeb7b67f88391
/src/Resources/public/flag/AD.png|ca92647387865e00fd0128eea3c0b3f0
/src/Resources/public/flag/AG.png|3e96767508f891bee4e18b0879197059
/src/Resources/public/flag/VI.png|e69dce8e3db81cbc4e43f41b41eb5de7
/src/Resources/public/flag/TZ.png|aeab49fe6ea2334ee06286245759f40a
/src/Resources/public/flag/SH.png|ecfd4b85afd85b8bf8c531f8e6255cae
/src/Resources/public/flag/PS.png|f9f7ff5e3c9d12173aca821154719f7e
/src/Resources/public/flag/DJ.png|5ddb0d34fd83107a3d83e18880fa0305
/src/Resources/public/flag/BR.png|8f5c8e3aec893ab67e226a15db7cf0c0
/src/Resources/public/flag/SV.png|7f337fe073caff1ecb41acae6a9d1e3d
/src/Resources/public/flag/CL.png|6e05e10bbad0945a6a0ac4f72de351bd
/src/Resources/public/flag/TL.png|e782b6cfd00d15f709104755f400a578
/src/Resources/public/flag/AZ.png|eed74a4b4d1d9320554380ecd298c603
/src/Resources/public/flag/IM.png|9a71aa37ec75db5858d66cf3a9a943f4
/src/Resources/public/flag/KP.png|6b12eacf3bd315e433ba0b1eacf9d802
/src/Resources/public/flag/BF.png|80b84a563590f903257bfe44f1332870
/src/Resources/public/flag/CN.png|9e22cff886b227b7c66a7299cee60c4a
/src/Resources/public/flag/IR.png|304c0bf838a4fbc343b85f2a0c252d1b
/src/Resources/public/flag/PH.png|38df9e3c0944ffe4d5b015be95793be5
/src/Resources/public/flag/CF.png|5f181e4dc309c220174c64376759a89a
/src/Resources/public/flag/FM.png|6ade62bece03f1d514fdbccdda641de1
/src/Resources/public/flag/MV.png|ba000bb35f554921cf272250f30c2e10
/src/Resources/public/flag/VC.png|04d50353949376995d0ca8827fd35241
/src/Resources/public/flag/UM.png|6c26816f5aaeae7d369b60fce14da9db
/src/Resources/public/flag/MM.png|96647eab72c5fe93e4be84e1c5f3d7a7
/src/Resources/public/flag/TR.png|ae9e141ce534888b8b298f3a63d36e38
/src/Resources/public/flag/JO.png|30a9129bf6502226ba7fd9da08e4b35c
/src/Resources/public/flag/BG.png|aad68b8269f4c43558b53089c6e42d71
/src/Resources/public/flag/MF.png|cc1fc719aa70170cf59aa97989f32fca
/src/Resources/public/flag/CO.png|e9239e0e2019b75b50908273696037a5
/src/Resources/public/flag/TG.png|e2cf3a5f662ba166b85bf7a224d9ded9
/src/Resources/public/flag/DM.png|863a58ff3765e2285d6b2f519620640e
/src/Resources/public/flag/KY.png|ecfd4b85afd85b8bf8c531f8e6255cae
/src/Resources/public/flag/SX.png|f9da0a905e9fec2ff6a12d52b0bae61c
/src/Resources/public/flag/LK.png|4af94d1108d1dbd3daee42e5d7027e73
/src/Resources/public/flag/ML.png|a902428bbc6d2e20381b5f4a58ffc750
/src/Resources/public/flag/SI.png|87f0819a7674137b062db99f7b888af7
/src/Resources/public/flag/CM.png|7944de5a7885828172fe267c5f0bd666
/src/Resources/public/flag/LB.png|a40045be63d6f413ff91c9b5867aa880
/src/Resources/public/flag/DZ.png|96aecc1300df553a35b3758e3ecfba3e
/src/Resources/public/flag/PT.png|2e7c7be8522b84c10ac8c584c3932fab
/src/Resources/public/flag/SA.png|fa0d37fefbcb03be08a96ff39c35e9fb
/src/Resources/public/flag/IN.png|c1b8cf0460974ae1739a2f0ee72a0a36
/src/Resources/public/flag/GG.png|d104842e7f86efd100c0ee29a0fa40ca
/src/Resources/public/flag/CU.png|4ba302408d9eddb58f79ef741668bf3b
/src/Resources/public/flag/DE.png|d8cd6c8e3fa88c3a5d71aade7691711d
/src/Resources/public/flag/PN.png|dc374e50b3c4d72a5663d422d276776a
/src/Resources/public/flag/CD.png|1a91773608e0dc37943f2e3b64e2fd74
/src/Resources/public/flag/AF.png|49d77e12111afc3d4194ade2664d286f
/src/Resources/public/flag/BM.png|9dd3a4a2f7082b5ec1d62888cc091c49
/src/Resources/public/flag/EH.png|64c0643f5f65257b22dd3bb070d3acf5
/src/Resources/public/flag/SZ.png|cba65b0b5c6d94904dcba4f3150c5ca8
/src/Resources/public/flag/ME.png|b9d7ebeaa14eaf5c2132098e57ac3b3a
/src/Resources/public/flag/AW.png|ec19a347739ea0e70970e2a604614837
/src/Resources/public/flag/ZW.png|7d535d7ed7bb8fad8684610d869c4058
/src/Resources/public/flag/SR.png|0a74189d8580fae462170f51fdfd5b9b
/src/Resources/public/flag/FK.png|38cba6706a7246740309b9ca0fbc0b73
/src/Resources/public/flag/LA.png|73e8e91f8cec75bc2cb582effb937212
/src/Resources/public/flag/IS.png|e3afdbe32403f05ab6bed0acd8336604
/src/Resources/public/flag/BL.png|cc1fc719aa70170cf59aa97989f32fca
/src/Resources/public/flag/VE.png|60739b59a02254e88e103f154f434087
/src/Resources/public/flag/SJ.png|e3fa15f998178a590461f1fc6a0d2de8
/src/Resources/public/flag/IQ.png|e80063e93b8c7a79490dfcfae80b6aae
/src/Resources/public/flag/GR.png|1490aa27b7e0f14ac0757139cf3804fa
/src/Resources/public/flag/BH.png|4c735715f2b57bf14008bc277ba43c51
/src/Resources/public/flag/CA.png|959ca28fd07235ef971d3ea388c16397
/src/Resources/public/flag/MO.png|9e22cff886b227b7c66a7299cee60c4a
/src/Resources/public/flag/AQ.png|7b496e199605b532dba8319044097d7e
/src/Resources/public/flag/BY.png|30eb3989b884d4aed254eef073a21e9f
/src/Resources/public/flag/AT.png|d94ad12cbb42e07163dad620027b3a80
/src/Resources/public/flag/GQ.png|a3535b533b2af91719ba770f308ceb67
/src/Resources/public/flag/BN.png|54fbed23e5e0467e10530f00e5a53d8a
/src/Resources/public/flag/BW.png|5fb1b531e34de1e246560f3a9defefe2
/src/Resources/public/flag/US.png|96becb321dbd9e9fab92cf6b3c9b5163
/src/Resources/public/flag/ZM.png|90feb476b1cf845ec389074f32585c34
/src/Resources/public/flag/PM.png|cc1fc719aa70170cf59aa97989f32fca
/src/Resources/public/flag/DO.png|7ca29ece3c9d65228080ba12e0be8940
/src/Resources/public/flag/VU.png|cade21feef734a691c19396d4cacd4d4
/src/Resources/public/flag/CY.png|eb2365a3603d60aff08f3c50cc87f249
/src/Resources/public/flag/LI.png|ba8539c6542d4d7e443a10f91bea414c
/src/Resources/public/flag/KH.png|0ffb252a38a5001bd776633c7d294063
/src/Resources/public/flag/TV.png|87b460b75260e3da93f06e56840a95b9
/src/Resources/public/flag/TJ.png|725785afd7652b97fc79b9f9a2219759
/src/Resources/public/flag/SB.png|bf3795be21421952a58ca2039aaaf5b5
/src/Resources/public/flag/RO.png|0701088a3c572a894daa458455c957f1
/src/Resources/public/flag/AU.png|ab3991ad7489bf384fb5446222bb48c6
/src/Resources/public/flag/SK.png|6bfe648618589d94ccad3c6e27aec692
/src/Resources/public/flag/PY.png|47ba6b57d21f58b4e206251230b19ac8
/src/Resources/public/flag/BE.png|a538d77b0d0e599095ca6db2ada1c2f3
/src/Resources/public/flag/GA.png|334f0731d029c587625f0b7b98e6e17d
/src/Resources/public/flag/LR.png|88412f2e2d5322bdd1d10f011fda38e3
/src/Resources/public/flag/AO.png|835be1589972b119e2a3aea772e21a18
/src/Resources/public/flag/AM.png|3461136703e8e2b5dffe869e3e086ce1
/src/Resources/public/flag/CR.png|fb27f4596f9ac16b951e0f017dbeaa2b
/src/Resources/public/flag/MA.png|b9214415961f794af1034dab0cace3b3
/src/Resources/public/flag/SL.png|262fe618a191d0d8a60bc364746d3c04
/src/Resources/public/flag/VN.png|8c03bf96d845425cda900ed4cf965193
/src/Resources/public/flag/PE.png|2213daa82fbd4344c53ed14272064ed3
/src/Resources/public/flag/NG.png|bd9daa305a8a954cffaff6649a464b5d
/src/Resources/public/flag/GE.png|6ece075c9a93ba4cabbd65f015fa91b3
/src/Resources/public/flag/MR.png|88251c8ae9701c1c130b51c206462216
/src/Resources/public/flag/GU.png|49c3a9df1fe4d853a0a5fc76e3270b20
/src/Resources/public/flag/CC.png|7fecb4864f239d8d672d4dd0c780797c
/src/Resources/public/flag/MX.png|4585eaa23399ff97b0edddebc9548733
/src/Resources/public/flag/ES.png|6db63d7e4bee7add3ead8eb95c9668e8
/src/Resources/public/flag/BS.png|9bd57b913f78269f420d06006adc4881
/src/Resources/public/flag/NP.png|3885515ee4827a6d374e0bbcc3ddaaef
/src/Resources/public/flag/PR.png|587404b281120855ff304375851e3793
/src/Resources/public/flag/GY.png|ab7cebdcd0f057c92edb1d92d4c45ed1
/src/Resources/public/flag/GS.png|fcfa6d9375d344cdad3cba278059f9dc
/src/Resources/public/flag/WF.png|cc1fc719aa70170cf59aa97989f32fca
/src/Resources/public/flag/GM.png|d5273ab5a2bb48c0678db55894849363
/src/Resources/public/flag/MZ.png|04cfeaaf203ceb1ffc56d95914956d3d
/src/Resources/public/flag/MC.png|85754149e4307e821f27c80389263d6e
/src/Resources/public/flag/AE.png|ea9875d8e8afafed9f07e63e7fae0b3d
/src/Resources/public/flag/MY.png|1e8b313da9168f9b03b235d2952e142b
/src/Resources/public/flag/GL.png|4c8c04806671345cacfabbd0781aaa64
/src/Resources/public/flag/GH.png|748acbf0e69a5b10243d3ef200d9ea7f
/src/Resources/public/flag/CV.png|0e39eebc150f3825588ebd015b958372
/src/Resources/public/flag/YT.png|cc1fc719aa70170cf59aa97989f32fca
/src/Resources/public/flag/MS.png|ecfd4b85afd85b8bf8c531f8e6255cae
/src/Resources/public/flag/HN.png|e969c09f78ba886511b46ac692d9f204
/src/Resources/public/flag/BA.png|0ca33f9b22f6317781e167a74843a19e
/src/Resources/public/flag/AI.png|59b67277582e2170cfe037c35ba4ed7a
/src/Resources/public/flag/XK.png|6d8d386104193e251f4c3077e5bf5d3b
/src/Resources/public/flag/MU.png|026a9a35bf226c5466e85912d37c80ec
/src/Resources/public/flag/CZ.png|c29892cb415d8489c5e4024a867fe8b6
/src/Resources/public/flag/TW.png|6ae84dc3a37d433ee650f0089a8e8f4f
/src/Resources/public/flag/IE.png|6882a56174318552db95a58dc4bc295c
/src/Resources/public/flag/JP.png|e6f8733f45d9c7ac9dcf834aba625cbb
/src/Resources/public/flag/PG.png|e13e005b63bc30978dc3e4232623e8d1
/src/Resources/public/flag/GP.png|cc1fc719aa70170cf59aa97989f32fca
/src/Service/LengowToolbox.php|aa089c672fd44468ddc4a0158ae80667
/src/Service/LengowConnector.php|7da8c8fb8546cbb026b0551b325dba9f
/src/Service/LengowSync.php|1439f827ebeac7c03a87d2edcf652f92
/src/Service/LengowProduct.php|9e6571683aabf5878f2a187a6e2d21b9
/src/Service/LengowOrder.php|23f5740de5f9264344420a1159377e05
/src/Service/LengowActionSync.php|05a6f8c1eeacec33baa07320c91b7a8f
/src/Service/LengowFeed.php|366a662fe47784b4d347409ab2c5006c
/src/Service/LengowCustomer.php|7c6ffdc065c53ad64fcc4e9c343d38d6
/src/Service/LengowPayment.php|f938f7acaa9cd8292063bf6f19fa9bd4
/src/Service/LengowAddress.php|3dd30a2979eed2dc3d4f03d67130e287
/src/Service/LengowTranslation.php|65ba736421498ee617520628e1a4eb10
/src/Service/LengowOrderError.php|962d751b450cd1b79d107f44dbceb3fc
/src/Service/LengowAccess.php|621fb79f5029caf66028a0717d734cdb
/src/Service/LengowAction.php|9771979966f7c8ea15354448aef7a88c
/src/Service/LengowExport.php|f1ae39691ac3395734dafa96b190d5bb
/src/Service/LengowLog.php|eddf70d114115255a97dd97a70e267d3
/src/Service/LengowOrderLine.php|e266c25585122c73fb81d66200f392cc
/src/Service/LengowImport.php|0dd20325bc6f299eb512afa5a9bf3452
/src/Service/LengowImportOrder.php|a77dea938c5aa8f5cb510946793a124d
/src/Service/LengowConfiguration.php|94af48e5b2595ef95ec1c06102fc9c66
/src/Storefront/Controller/LengowAbstractFrontController.php|1de8af825bf09037c95c81f2daedb70a
/src/Storefront/Controller/LengowExportController.php|b4425009da84223d648f3ccbf501a48a
/src/Storefront/Controller/LengowCronController.php|893198ea135b38ea5ddd7a7c1e313e5c
/src/Subscriber/SalesChannelWrittenSubscriber.php|3382be02c5540716fa6daf03c271a526
/src/Subscriber/SendActionSubscriber.php|8b2d893a3339a31a66e9cb2202a2836d
/src/Subscriber/LengowSettingUpdateSubscriber.php|5dd2760693208bbbb08d56ad46bc85a3
/src/Subscriber/ProductExtensionSubscriber.php|7eb8527b3cd5331aa8b39d2e0c7e5115
/src/Translations/en-GB.csv|ff4708742f2e2c59e066618d67c24b4a
/src/Translations/yml/de-DE.yml|3ef610c32e467d6ae382f94bcfbe8612
/src/Translations/yml/fr-FR.yml|8f5c3e35f6657b21ce997ed87cbf1801
/src/Translations/yml/en-GB.yml|efa9d68f059850b69831ac22946acbb2
/src/Translations/yml/log.yml|1704290133f9027cf055a72e1f014793
/src/Translations/fr-FR.csv|30e67e9a80bc2a8175733fda075a22e6
/src/Translations/de-DE.csv|50aa56fa701799a45711a6e3e76f613c
/src/Util/StringCleaner.php|6842e4e36db4cdbcab89e8228139bc55
/src/Util/EnvironmentInfoProvider.php|ad1064f23b5654b3ee4516d8889b54b8
